symbol,entry_date,entry_close,confirm_date,confirm_close,days_to_confirm,macd,vix,entry_ret_20d,confirm_ret_20d,entry_dd
ADSK,2023-01-04,187.96,2023-02-15,229.28,29,-4.2608,22.0,21.42,-12.51,-4.44
ADSK,2025-04-11,258.45,2025-05-12,293.2,20,-5.0618,37.6,13.45,1.48,-3.09
AMAT,2023-01-06,101.24,2023-02-03,116.5,19,-0.9787,21.1,12.87,-0.97,-5.46
AMD,2024-08-12,136.77,2024-09-24,158.32,30,-7.8415,20.7,4.44,-2.67,-3.41
AMZN,2025-04-23,180.6,2025-05-30,205.01,26,-6.9177,28.5,11.36,7.01,-0.97
AMZN,2026-03-23,210.14,2026-04-16,249.7,17,-2.1387,26.1,18.93,7.02,-5.23
AMZN,2026-03-25,211.71,2026-04-16,249.7,15,-1.9121,25.3,20.49,7.02,-5.94
AMZN,2026-04-01,210.57,2026-04-16,249.7,10,-2.2437,24.5,25.88,7.02,-2.69
ASML,2023-01-06,577.73,2023-01-09,602.44,1,-0.5328,21.1,11.34,9.47,-4.79
CDNS,2023-01-09,165.92,2023-01-18,172.46,6,-0.6636,22.0,13.51,17.28,-2.76
CDNS,2025-04-11,259.47,2025-05-13,318.66,21,-2.7181,37.6,20.16,-3.6,-4.54
CDNS,2026-04-07,279.48,2026-05-06,354.9,21,-4.8417,25.8,26.53,16.0,-5.76
CEG,2025-04-09,214.03,2025-05-08,268.81,20,-13.9539,33.6,25.59,10.58,-15.24
CMCSA,2023-03-17,30.22,2023-04-27,34.03,28,-0.5698,25.5,6.53,-2.93,-2.08
CRWD,2026-04-07,423.23,2026-05-12,546.18,25,-4.6257,25.8,12.59,18.59,-13.88
CTSH,2025-04-15,69.52,2025-05-15,79.37,21,-2.8224,30.1,12.77,-2.59,-5.73
IDXX,2025-04-15,404.02,2025-05-19,521.68,23,-9.6043,30.1,26.09,-0.21,-1.3
INTU,2023-03-16,408.76,2023-04-19,436.26,23,-0.8221,23.0,5.8,-3.06,-4.05
INTU,2025-04-15,589.29,2025-05-13,651.5,19,-3.7755,30.1,9.89,16.44,-5.89
ISRG,2025-10-17,446.13,2025-11-11,572.17,17,-4.5498,20.8,23.17,-2.84,-2.59
KLAC,2025-04-11,66.43,2025-05-14,79.79,22,-1.6922,37.6,13.47,8.96,-9.33
LULU,2023-03-22,303.73,2023-04-06,364.33,11,-4.4843,22.3,24.03,6.14,-0.97
MDLZ,2023-10-19,59.73,2023-11-29,65.52,28,-1.7742,21.4,9.98,3.19,-0.86
MELI,2023-01-06,873.47,2023-01-24,1109.91,11,-13.0474,21.1,34.57,0.75,-3.03
MSFT,2025-04-10,377.63,2025-05-16,450.67,25,-6.3317,40.7,15.05,5.47,-6.73
MSFT,2025-04-24,383.53,2025-05-16,450.67,16,-3.6502,26.5,17.66,5.47,-3.13
NVDA,2025-04-10,107.42,2025-05-21,131.62,28,-4.6538,40.7,8.44,9.15,-11.65
NVDA,2025-04-24,106.28,2025-05-21,131.62,19,-3.4644,26.5,24.81,9.15,-3.12
NXPI,2023-01-09,150.87,2023-02-07,181.12,20,-1.7447,22.0,20.05,-5.55,-0.58
PANW,2025-03-18,183.1,2025-04-25,178.98,27,-2.4781,21.7,-5.22,4.34,-21.27
PANW,2025-04-14,169.98,2025-04-25,178.98,8,-5.0054,30.9,12.95,4.34,-7.28
PANW,2026-04-06,161.95,2026-05-15,242.83,29,-0.975,24.2,13.96,17.18,-6.59
SNPS,2026-04-08,410.16,2026-05-20,498.93,30,-9.9432,21.0,22.98,-8.7,-5.39
TSLA,2025-04-09,272.2,2025-05-16,349.98,26,-11.0048,33.6,4.64,-5.96,-18.15
TSLA,2025-04-23,250.74,2025-05-16,349.98,17,-9.1237,28.5,33.45,-5.96,-2.52
WDAY,2024-11-05,241.25,2024-11-07,257.98,2,-1.2106,20.5,11.45,3.27,-1.69
WDAY,2025-04-14,232.34,2025-05-20,273.84,25,-7.2756,30.9,16.22,-13.5,-9.29
XEL,2023-03-13,58.01,2023-04-19,63.22,26,-0.9952,26.5,9.66,-6.45,-3.0
