symbol,date,close,vix,ret_20d,dd
AAPL,2023-01-09,127.98,22.0,18.82,-1.56
AAPL,2025-04-15,201.08,30.1,5.18,-6.1
AAPL,2026-03-26,252.66,27.4,7.18,-2.92
AAPL,2026-03-31,253.56,25.2,6.45,-3.19
ABNB,2023-01-03,84.9,22.9,34.26,-0.71
ABNB,2025-04-14,113.22,30.9,21.93,-3.03
ABNB,2025-10-14,122.89,20.8,-0.29,-4.67
ADBE,2023-03-16,353.29,23.0,7.38,-3.61
ADBE,2024-10-30,486.68,20.4,5.55,-2.39
ADI,2025-10-17,240.6,20.8,-3.29,-7.99
ADI,2025-11-24,237.16,20.5,16.0,-4.22
ADI,2026-03-25,321.15,25.3,25.42,-6.67
ADI,2026-03-31,317.27,25.2,22.37,-3.66
ADP,2023-01-10,221.85,20.6,-6.98,-9.26
ADP,2023-03-21,202.09,21.4,-0.49,-3.11
ADP,2025-04-15,288.56,30.1,3.81,-5.95
ADP,2025-04-24,285.16,26.5,9.2,-2.11
ADP,2025-04-28,284.21,25.1,10.95,-1.78
ADP,2026-03-19,209.07,24.1,-4.84,-10.68
ADP,2026-03-31,201.65,25.2,5.85,-7.39
ADSK,2023-03-21,207.15,21.4,-5.11,-6.95
ADSK,2025-03-18,259.95,21.7,2.07,-10.49
ADSK,2026-04-08,240.65,21.0,1.01,-11.03
AEP,2023-02-17,81.96,20.0,-0.7,-7.23
AEP,2023-03-09,78.72,22.6,6.91,-4.0
AMAT,2024-11-05,183.74,20.5,-2.62,-10.53
AMAT,2025-03-14,154.09,21.8,-6.89,-20.51
AMAT,2025-04-11,143.48,37.6,15.9,-8.38
AMD,2023-01-09,67.24,22.0,27.77,-2.33
AMD,2025-03-12,100.79,24.2,-3.92,-24.12
AMD,2025-04-15,95.29,30.1,23.54,-12.11
AMD,2025-04-23,90.39,28.5,23.97,-0.3
AMD,2026-03-04,202.07,21.1,4.03,-6.46
AMGN,2023-01-05,238.99,22.5,-8.13,-11.43
AMGN,2023-03-13,210.67,26.5,7.83,-2.0
AMGN,2024-10-11,310.96,20.5,-0.93,-5.4
AMGN,2024-10-31,303.2,23.2,-10.94,-18.83
AMGN,2025-04-28,272.42,25.1,-0.41,-7.65
AMZN,2023-01-03,85.82,22.9,22.52,-5.12
AMZN,2023-03-14,94.88,23.7,3.11,-2.29
AMZN,2025-04-14,182.12,30.9,16.06,-9.24
APP,2024-08-12,74.76,20.7,15.34,-0.86
ARM,2025-03-18,119.72,21.7,-13.3,-33.18
ARM,2025-04-11,103.99,37.6,20.02,-8.34
ARM,2026-02-06,123.7,20.4,-4.91,-10.06
ASML,2023-03-16,612.71,23.0,5.65,-5.01
ASML,2024-08-09,847.46,20.4,-12.87,-14.22
ASML,2025-03-17,722.41,20.5,-7.87,-20.79
ASML,2025-04-11,661.56,37.6,12.52,-8.19
ASML,2026-03-24,1396.37,27.0,3.16,-10.81
ASML,2026-04-08,1417.95,21.0,8.94,-3.75
AVGO,2025-03-13,188.95,24.7,-9.69,-27.61
AVGO,2025-04-09,183.37,33.6,12.22,-14.93
AVGO,2026-03-06,329.27,29.5,-4.66,-12.08
AVGO,2026-04-06,313.93,24.2,32.46,-1.32
AZN,2023-02-09,125.25,20.7,-3.41,-4.04
AZN,2023-03-16,124.35,23.0,11.94,-2.38
AZN,2026-03-30,193.88,30.6,-3.71,-4.37
BIIB,2023-01-10,281.46,20.6,1.42,-2.18
BIIB,2023-03-16,265.25,23.0,8.63,-2.22
BIIB,2024-10-11,188.38,20.5,-8.14,-9.38
BIIB,2025-04-21,116.49,33.8,11.12,-1.06
BIIB,2026-03-25,189.18,25.3,-0.69,-10.86
BKNG,2025-04-14,180.43,30.9,15.48,-4.08
BKNG,2026-04-06,175.75,24.2,-6.02,-6.79
BKR,2025-03-17,42.87,20.5,-13.83,-23.43
BKR,2025-04-17,38.01,29.6,-2.27,-11.18
BKR,2025-05-01,35.35,24.6,3.02,-3.01
CDNS,2024-08-08,268.68,23.8,-7.88,-8.65
CDNS,2025-03-13,241.56,24.7,5.16,-8.28
CDW,2023-01-06,174.4,21.1,9.19,-2.04
CDW,2023-03-27,182.97,20.6,-13.86,-16.18
CDW,2025-03-18,166.95,21.7,-11.67,-19.59
CDW,2025-04-15,147.47,30.1,25.55,-2.55
CDW,2026-03-03,124.54,23.6,-3.4,-9.82
CDW,2026-03-19,118.94,24.1,11.96,-2.32
CEG,2024-08-06,178.9,27.7,-1.76,-6.99
CHTR,2023-03-20,348.75,24.1,-1.56,-3.71
CHTR,2025-04-25,373.65,24.8,8.75,-4.6
CHTR,2025-11-24,199.08,20.5,3.11,-2.54
CHTR,2026-03-27,219.14,31.0,-20.32,-21.53
COST,2023-03-16,467.16,23.0,0.83,-2.0
COST,2024-08-08,831.62,23.8,4.44,-2.26
COST,2025-08-01,948.5,20.4,-0.97,-2.02
CPRT,2025-06-20,47.97,20.6,-4.04,-5.11
CPRT,2025-10-14,44.77,20.8,-7.66,-11.59
CPRT,2026-03-02,38.31,21.4,-14.88,-15.95
CRWD,2024-08-08,240.52,23.8,2.44,-4.49
CRWD,2025-03-18,363.15,21.7,8.16,-17.94
CRWD,2025-04-10,368.61,40.7,11.38,-3.91
CRWD,2026-02-13,429.64,20.6,-1.35,-20.23
CRWD,2026-03-03,391.42,23.6,-0.26,-7.57
CSCO,2025-04-24,55.02,26.5,12.56,-2.01
CTAS,2026-04-08,174.12,21.0,-3.0,-5.23
CTSH,2026-03-02,63.06,21.4,-3.84,-7.34
DASH,2023-01-11,51.8,21.1,19.4,-6.81
DASH,2025-04-14,181.85,30.9,8.77,-7.09
DASH,2025-11-19,202.32,23.7,14.15,-10.02
DASH,2026-04-02,156.45,23.9,12.39,-6.37
DDOG,2025-03-18,102.93,21.7,-10.08,-20.69
DDOG,2025-04-14,91.88,30.9,27.68,-4.55
DDOG,2026-03-04,118.33,21.1,0.29,-6.19
DLTR,2024-11-01,66.6,21.9,9.32,-9.17
DXCM,2025-04-10,67.3,40.7,25.81,-3.43
DXCM,2026-03-25,66.84,25.3,-6.19,-9.38
DXCM,2026-04-08,65.8,21.0,-8.27,-13.8
EA,2023-02-22,109.74,22.3,1.44,-2.71
EA,2026-02-23,200.1,21.0,0.42,-1.64
FANG,2024-08-12,190.26,20.7,-13.78,-15.07
FANG,2025-03-13,141.15,24.7,-15.53,-21.81
FANG,2025-04-17,133.25,29.6,3.25,-7.19
FTNT,2023-01-09,49.41,22.0,8.84,-7.14
FTNT,2025-04-10,96.32,40.7,1.14,-5.27
GEHC,2026-02-05,82.27,21.8,-9.77,-9.87
GEHC,2026-02-17,81.57,20.3,-11.36,-15.22
GEHC,2026-03-25,72.16,25.3,-3.15,-5.21
GFS,2023-01-10,55.33,20.6,13.19,-2.63
GFS,2025-03-18,38.62,21.7,-13.7,-23.04
GFS,2025-04-23,33.06,28.5,14.01,-0.51
GILD,2023-03-14,71.59,23.7,3.0,-4.06
GILD,2026-04-02,138.8,23.9,-5.77,-8.64
GOOG,2023-01-04,87.93,22.0,22.65,-3.54
GOOG,2025-04-10,154.74,40.7,-0.64,-4.49
GOOG,2026-03-10,306.75,24.9,2.54,-11.53
GOOG,2026-04-06,297.48,24.2,27.54,-1.3
GOOGL,2023-01-04,87.31,22.0,22.32,-3.66
GOOGL,2025-04-10,152.2,40.7,-0.05,-4.4
GOOGL,2026-03-10,306.86,24.9,3.35,-11.38
GOOGL,2026-04-06,299.81,24.2,27.75,-1.6
HON,2023-03-27,164.69,20.6,4.24,-0.31
HON,2025-03-14,191.98,21.8,-5.21,-14.37
HON,2026-04-02,228.13,23.9,-7.39,-9.42
IDXX,2023-03-20,483.26,24.1,-0.24,-4.6
IDXX,2024-08-08,483.91,23.8,-2.39,-3.8
IDXX,2025-10-15,639.15,20.6,11.64,-2.67
ILMN,2025-03-07,86.62,23.4,-14.38,-18.45
ILMN,2025-04-14,75.06,30.9,6.98,-6.97
ILMN,2026-03-19,126.59,24.1,6.25,-7.78
INTC,2023-01-04,26.69,22.0,9.07,-3.25
INTC,2025-04-23,20.59,28.5,0.49,-6.07
INTU,2023-01-04,382.0,22.0,15.71,-5.35
INTU,2023-01-09,386.46,22.0,8.18,-4.33
INTU,2024-10-11,609.62,20.5,10.95,-2.76
INTU,2025-11-21,659.89,23.4,1.82,-6.53
ISRG,2025-04-09,522.95,33.6,2.91,-15.31
ISRG,2026-04-08,462.28,21.0,-2.28,-4.39
KDP,2026-04-08,25.66,21.0,10.53,-1.08
KHC,2026-03-30,21.94,30.6,0.58,-2.64
KLAC,2024-10-30,68.23,20.4,-8.37,-11.67
KLAC,2025-03-17,71.2,20.5,-6.73,-23.24
LRCX,2025-03-17,77.69,20.5,-13.34,-28.08
LRCX,2025-04-15,67.89,30.1,24.15,-10.67
LRCX,2026-03-18,224.55,25.1,16.13,-11.62
LULU,2023-01-03,323.38,22.9,-2.37,-10.48
LULU,2024-08-12,239.7,20.7,3.12,-1.31
LULU,2025-11-21,168.18,23.4,26.28,-2.8
LULU,2026-03-20,162.82,26.8,2.45,-11.58
LULU,2026-04-02,155.72,23.9,-14.22,-14.24
MAR,2025-04-14,220.96,30.9,22.66,-4.9
MAR,2026-03-31,326.43,25.2,8.22,-1.8
MCHP,2023-01-06,66.91,21.1,16.08,-4.16
MCHP,2025-04-17,37.25,29.6,58.74,-2.98
MCHP,2026-03-23,64.02,26.1,25.78,-7.82
MDB,2025-04-10,161.1,40.7,10.83,-7.59
MDB,2026-03-16,266.95,23.5,-12.49,-19.21
MDB,2026-03-31,244.77,25.2,5.52,-11.88
MDLZ,2025-11-13,55.97,20.0,-5.14,-6.74
MDLZ,2026-03-23,56.37,26.1,-0.43,-1.65
MELI,2023-10-27,1200.45,21.3,33.22,-1.0
MELI,2025-04-14,2037.12,30.9,23.46,-1.82
MELI,2026-03-16,1732.33,23.5,6.25,-8.03
META,2025-04-14,529.34,30.9,23.43,-9.72
META,2025-04-24,531.0,26.5,19.4,-2.94
META,2025-11-24,611.46,20.5,8.55,-2.52
MRNA,2025-03-05,35.21,21.9,-21.27,-25.42
MRNA,2025-04-15,26.24,30.1,-8.46,-11.2
MRVL,2023-01-09,36.5,22.0,26.71,-2.44
MRVL,2023-03-22,39.7,22.3,-1.57,-4.17
MRVL,2025-04-10,52.67,40.7,12.95,-8.94
MSFT,2025-03-17,384.91,20.5,-0.23,-11.3
MSFT,2026-02-19,397.6,20.2,-2.37,-4.2
MSFT,2026-04-06,372.07,24.2,10.93,-1.69
MU,2023-01-04,53.4,22.0,16.55,-2.71
MU,2023-03-17,55.82,25.5,10.6,-1.15
MU,2025-03-13,94.53,24.7,-26.07,-35.05
MU,2025-04-22,70.04,30.6,39.72,-3.95
MU,2026-04-08,406.73,21.0,63.89,-2.04
NFLX,2023-03-17,30.35,25.5,9.63,-3.28
NFLX,2023-10-19,40.18,21.4,16.22,-2.37
NFLX,2024-08-09,63.39,20.4,6.54,-1.73
NFLX,2025-04-14,93.13,30.9,22.24,-1.26
NVDA,2025-03-14,121.5,21.8,-8.83,-28.81
NVDA,2026-04-02,177.18,23.9,11.87,-3.39
ODFL,2025-04-17,152.49,29.6,11.4,-5.76
ODFL,2025-04-22,150.82,30.6,11.53,-4.71
ODFL,2026-03-26,187.69,27.4,17.05,-1.85
ON,2023-01-09,64.65,22.0,32.3,-5.18
ON,2024-10-25,71.25,20.3,-2.29,-9.73
ON,2025-03-18,43.42,21.7,-17.43,-28.51
ON,2025-04-15,35.85,30.1,26.08,-8.37
ON,2026-03-23,59.89,26.1,45.12,-8.11
ON,2026-03-31,61.92,25.2,59.66,-7.95
ORLY,2026-03-02,95.03,21.4,-3.07,-8.69
ORLY,2026-03-26,92.27,27.4,0.93,-2.57
PANW,2023-01-11,68.36,21.1,21.52,-3.28
PANW,2024-08-12,165.55,20.7,4.98,-1.8
PANW,2026-03-02,150.15,21.4,2.8,-4.43
PAYX,2023-01-04,104.46,22.0,3.02,-4.01
PAYX,2023-03-21,99.07,21.4,-0.47,-3.2
PAYX,2025-04-29,139.63,24.2,8.0,-3.06
PAYX,2026-03-25,92.17,25.3,-2.58,-8.47
PCAR,2025-04-22,86.08,30.6,9.34,-4.42
PCAR,2026-03-26,114.97,27.4,10.12,-2.86
PDD,2024-08-06,132.62,27.7,-30.06,-33.64
PDD,2025-04-22,98.34,30.6,19.36,-2.75
PDD,2026-02-06,105.23,20.4,-2.46,-6.2
PDD,2026-03-10,104.86,24.9,-1.06,-9.05
PEP,2024-10-09,161.35,20.9,-4.54,-5.18
PEP,2026-03-31,153.67,25.2,0.0,-2.28
PEP,2026-06-10,144.32,22.2,0.0,-3.43
PYPL,2023-03-21,76.06,21.4,-1.82,-6.76
PYPL,2025-03-12,68.03,24.2,-6.81,-18.61
PYPL,2025-04-14,61.74,30.9,16.09,-4.52
PYPL,2026-03-23,45.34,26.1,11.85,-4.26
QCOM,2023-01-06,106.67,21.1,15.25,-4.59
QCOM,2023-03-20,113.35,24.1,-2.84,-3.62
QCOM,2025-03-17,153.77,20.5,-11.88,-23.52
QCOM,2026-02-17,141.2,20.3,-7.15,-9.02
REGN,2023-01-06,731.11,21.1,5.93,-9.38
REGN,2025-04-21,557.61,33.8,6.24,-7.3
ROST,2025-02-27,135.95,21.1,-6.17,-11.06
SBUX,2025-03-28,94.55,21.6,-14.15,-22.08
SBUX,2025-04-22,79.09,30.6,5.43,-7.65
SBUX,2025-10-16,82.71,25.3,2.49,-7.53
SBUX,2026-04-07,94.66,25.8,10.22,-1.44
SNPS,2024-10-08,517.76,21.4,0.82,-5.41
SNPS,2025-03-14,446.23,21.8,-5.61,-18.04
SNPS,2025-04-14,421.98,30.9,22.21,-6.15
SNPS,2025-11-20,385.6,26.4,20.26,-2.31
TEAM,2023-01-10,132.16,20.6,32.91,-5.25
TEAM,2025-04-11,198.37,37.6,12.79,-3.99
TEAM,2025-10-14,156.37,20.8,0.75,-5.78
TMUS,2023-01-04,133.84,22.0,4.99,-1.86
TMUS,2023-03-15,138.11,26.1,4.12,-2.72
TMUS,2025-05-06,248.19,24.8,-4.31,-8.49
TSLA,2024-09-04,219.41,21.3,13.5,-4.06
TSLA,2026-03-05,405.55,23.8,-11.09,-13.17
TSLA,2026-03-10,399.24,24.9,-14.02,-15.53
TTD,2023-01-10,44.84,20.6,15.41,-3.5
TTD,2024-08-09,99.3,20.4,0.02,-9.37
TTD,2025-04-09,54.12,33.6,10.68,-16.94
TTD,2026-04-06,22.21,24.2,8.51,-11.12
TTWO,2024-10-08,152.94,21.4,7.25,-1.06
TTWO,2025-11-24,239.07,20.5,4.25,-1.75
TTWO,2026-02-19,201.37,20.2,0.19,-4.34
TTWO,2026-04-02,199.87,23.9,8.09,-3.04
TXN,2023-01-05,150.67,22.5,9.98,-0.65
TXN,2025-04-23,146.75,28.5,22.91,-0.57
TXN,2025-11-21,157.57,23.4,12.18,-3.76
TXN,2026-03-25,195.78,25.3,43.43,-6.01
VRSK,2023-01-03,173.1,22.9,3.85,-0.74
VRSK,2026-02-19,182.93,20.2,9.96,-2.63
VRTX,2023-01-06,290.21,21.1,5.05,-2.76
VRTX,2023-03-13,293.46,26.5,10.69,-1.75
VRTX,2024-10-09,467.97,20.9,5.49,-2.52
WBD,2023-01-03,9.54,22.9,61.01,-0.52
WBD,2025-04-23,8.33,28.5,7.44,-3.24
ZS,2023-03-23,112.56,22.6,-9.64,-12.3
ZS,2025-03-17,202.65,20.5,-1.58,-18.69
ZS,2025-04-14,199.44,30.9,22.84,-4.0
ZS,2026-03-03,154.67,23.6,-9.3,-17.24
ZS,2026-04-06,139.52,24.2,1.92,-17.84
