symbol,date,close,macd,vix,ret_5d,ret_10d,ret_20d,max_dd
ABNB,2023-01-03,84.9,-3.9512,22.9,4.29,19.09,34.26,-0.71
AMZN,2023-01-03,85.82,-3.0241,22.9,4.72,11.23,22.52,-5.12
LULU,2023-01-03,323.38,-8.0661,22.9,-4.3,-1.64,-2.37,-10.48
VRSK,2023-01-03,173.1,-0.502,22.9,3.5,1.89,3.85,-0.74
WBD,2023-01-03,9.54,-0.5142,22.9,31.66,31.97,61.01,-0.52
ADSK,2023-01-04,187.96,-4.2244,22.0,6.37,4.3,21.42,-4.44
GOOG,2023-01-04,87.93,-1.9677,22.0,4.0,5.86,22.65,-3.54
GOOGL,2023-01-04,87.31,-2.0349,22.0,3.91,5.64,22.32,-3.66
INTU,2023-01-04,382.0,-2.3627,22.0,1.16,-3.12,15.71,-5.35
MU,2023-01-04,53.4,-1.1721,22.0,7.12,3.99,16.55,-2.71
PAYX,2023-01-04,104.46,-0.9671,22.0,2.23,-1.32,3.02,-4.01
TMUS,2023-01-04,133.84,-1.7507,22.0,6.32,3.7,4.99,-1.86
AMGN,2023-01-05,238.99,-3.0433,22.5,1.52,-1.36,-8.13,-11.43
TXN,2023-01-05,150.67,-1.5511,22.5,6.71,3.64,9.98,-0.65
AMAT,2023-01-06,101.24,-0.9575,21.1,5.47,9.49,12.87,-5.46
CDW,2023-01-06,174.4,-0.6003,21.1,6.35,9.14,9.19,-2.04
MAR,2023-01-06,148.25,-2.1253,21.1,5.48,10.2,12.35,-2.18
MCHP,2023-01-06,66.91,-0.6147,21.1,2.95,4.86,16.08,-4.16
MELI,2023-01-06,873.47,-13.0683,21.1,23.98,25.36,34.57,-3.03
QCOM,2023-01-06,106.67,-2.0315,21.1,4.25,13.6,15.25,-4.59
REGN,2023-01-06,731.11,-4.574,21.1,-2.04,-0.98,5.93,-9.38
VRTX,2023-01-06,290.21,-6.0716,21.1,3.7,7.44,5.05,-2.76
AAPL,2023-01-09,127.98,-4.0925,22.0,4.45,9.51,18.82,-1.56
AMD,2023-01-09,67.24,-1.2816,22.0,6.47,11.09,27.77,-2.33
CDNS,2023-01-09,165.92,-0.6731,22.0,4.25,9.92,13.51,-2.76
FTNT,2023-01-09,49.41,-1.0616,22.0,1.4,3.4,8.84,-7.14
INTU,2023-01-09,386.46,-2.2488,22.0,-1.3,1.57,8.18,-4.33
MRVL,2023-01-09,36.5,-1.4689,22.0,11.13,15.14,26.71,-2.44
NXPI,2023-01-09,150.87,-1.7047,22.0,5.81,7.58,20.05,-0.58
ON,2023-01-09,64.65,-1.79,22.0,1.89,8.4,32.3,-5.18
ADP,2023-01-10,221.85,-3.4115,20.6,-2.71,-5.3,-6.98,-9.26
BIIB,2023-01-10,281.46,-3.5506,20.6,0.71,3.87,1.42,-2.18
GFS,2023-01-10,55.33,-2.0965,20.6,4.85,5.94,13.19,-2.63
TEAM,2023-01-10,132.16,-4.107,20.6,12.54,14.96,32.91,-5.25
TTD,2023-01-10,44.84,-1.489,20.6,1.87,8.63,15.41,-3.5
DASH,2023-01-11,51.8,-1.3783,21.1,5.5,9.94,19.4,-6.81
PANW,2023-01-11,68.36,-3.3881,21.1,2.93,16.39,21.52,-3.28
AZN,2023-02-09,125.25,-1.8906,20.7,0.79,-0.13,-3.41,-4.04
AEP,2023-02-17,81.96,-0.5484,20.0,-2.53,-3.29,-0.7,-7.23
EA,2023-02-22,109.74,-3.2327,22.3,-1.02,0.66,1.44,-2.71
AEP,2023-03-09,78.72,-0.7876,22.6,3.66,-3.77,6.91,-4.0
AMGN,2023-03-13,210.67,-4.4522,26.5,0.66,1.54,7.83,-2.0
VRTX,2023-03-13,293.46,-3.3332,26.5,1.87,5.11,10.69,-1.75
XEL,2023-03-13,58.01,-0.9941,26.5,4.03,0.79,9.66,-3.0
AMZN,2023-03-14,94.88,-1.1864,23.7,6.04,2.49,3.11,-2.29
GILD,2023-03-14,71.59,-1.1062,23.7,-0.79,1.5,3.0,-4.06
TMUS,2023-03-15,138.11,-0.8984,26.1,-0.66,-0.42,4.12,-2.72
ADBE,2023-03-16,353.29,-4.812,23.0,4.45,8.1,7.38,-3.61
ASML,2023-03-16,612.71,-7.8547,23.0,5.33,7.31,5.65,-5.01
AZN,2023-03-16,124.35,-0.7652,23.0,1.94,4.88,11.94,-2.38
BIIB,2023-03-16,265.25,-5.3489,23.0,-0.03,3.72,8.63,-2.22
COST,2023-03-16,467.16,-3.7134,23.0,0.1,0.87,0.83,-2.0
INTU,2023-03-16,408.76,-0.8187,23.0,3.43,5.25,5.8,-4.05
CMCSA,2023-03-17,30.22,-0.5694,25.5,-0.31,5.22,6.53,-2.08
MU,2023-03-17,55.82,-0.936,25.5,7.94,6.49,10.6,-1.15
NFLX,2023-03-17,30.35,-1.0316,25.5,8.2,13.83,9.63,-3.28
CHTR,2023-03-20,348.75,-11.0172,24.1,-0.11,2.14,-1.56,-3.71
IDXX,2023-03-20,483.26,-1.7473,24.1,1.2,1.24,-0.24,-4.6
QCOM,2023-03-20,113.35,-1.7359,24.1,1.46,2.4,-2.84,-3.62
ADP,2023-03-21,202.09,-2.6949,21.4,-1.81,-1.86,-0.49,-3.11
ADSK,2023-03-21,207.15,-2.594,21.4,-4.77,-1.85,-5.11,-6.95
PAYX,2023-03-21,99.07,-1.27,21.4,-1.19,-0.35,-0.47,-3.2
PYPL,2023-03-21,76.06,-0.8129,21.4,-5.24,-1.9,-1.82,-6.76
LULU,2023-03-22,303.73,-4.4818,22.3,18.87,20.11,24.03,-0.97
MRVL,2023-03-22,39.7,-1.0012,22.3,6.32,-0.03,-1.57,-4.17
ZS,2023-03-23,112.56,-4.8898,22.6,-0.3,-7.84,-9.64,-12.3
CDW,2023-03-27,182.97,-2.2786,20.6,1.05,-1.65,-13.86,-16.18
HON,2023-03-27,164.69,-2.6037,20.6,2.81,2.23,4.24,-0.31
MDLZ,2023-10-19,59.73,-1.7742,21.4,2.24,5.86,9.98,-0.86
NFLX,2023-10-19,40.18,-0.993,21.4,0.44,5.71,16.22,-2.37
MELI,2023-10-27,1200.45,-27.0118,21.3,15.61,14.49,33.22,-1.0
CEG,2024-08-06,178.9,-9.0683,27.7,4.82,5.54,-1.76,-6.99
PDD,2024-08-06,132.62,-2.8034,27.7,8.6,8.75,-30.06,-33.64
CDNS,2024-08-08,268.68,-12.3425,23.8,4.26,2.57,-7.88,-8.65
COST,2024-08-08,831.62,-6.6759,23.8,4.52,4.54,4.44,-2.26
CRWD,2024-08-08,240.52,-34.2017,23.8,8.3,11.28,2.44,-4.49
IDXX,2024-08-08,483.91,-4.523,23.8,0.33,1.62,-2.39,-3.8
ASML,2024-08-09,847.46,-40.2475,20.4,6.75,5.43,-12.87,-14.22
NFLX,2024-08-09,63.39,-0.9784,20.4,6.33,8.33,6.54,-1.73
TTD,2024-08-09,99.3,-2.0004,20.4,2.15,5.74,0.02,-9.37
AMD,2024-08-12,136.77,-7.8415,20.7,13.53,9.67,4.44,-3.41
APP,2024-08-12,74.76,-2.307,20.7,14.79,20.24,15.34,-0.86
FANG,2024-08-12,190.26,-1.2006,20.7,-1.53,-0.81,-13.78,-15.07
LULU,2024-08-12,239.7,-15.5748,20.7,8.1,13.33,3.12,-1.31
PANW,2024-08-12,165.55,-1.0368,20.7,3.7,4.84,4.98,-1.8
TSLA,2024-09-04,219.41,-0.9527,21.3,3.97,3.55,13.5,-4.06
SNPS,2024-10-08,517.76,-2.0454,21.4,-0.04,-2.96,0.82,-5.41
TTWO,2024-10-08,152.94,-0.5173,21.4,2.03,4.63,7.25,-1.06
PEP,2024-10-09,161.35,-1.0252,20.9,1.12,0.24,-4.54,-5.18
VRTX,2024-10-09,467.97,-5.0213,20.9,4.12,0.44,5.49,-2.52
AMGN,2024-10-11,310.96,-1.5192,20.5,-2.04,-3.46,-0.93,-5.4
BIIB,2024-10-11,188.38,-4.1933,20.5,0.94,-3.55,-8.14,-9.38
INTU,2024-10-11,609.62,-5.6752,20.5,-0.55,-1.2,10.95,-2.76
ON,2024-10-25,71.25,-0.6502,20.3,-0.36,-1.18,-2.29,-9.73
ADBE,2024-10-30,486.68,-10.3662,20.4,3.73,9.41,5.55,-2.39
KLAC,2024-10-30,68.23,-2.4022,20.4,-3.2,-6.83,-8.37,-11.67
AMGN,2024-10-31,303.2,-1.9077,23.2,0.55,-7.57,-10.94,-18.83
DLTR,2024-11-01,66.6,-2.1655,21.9,-7.79,-3.6,9.32,-9.17
AMAT,2024-11-05,183.74,-3.1997,20.5,0.07,-9.21,-2.62,-10.53
WDAY,2024-11-05,241.25,-1.2106,20.5,12.05,7.73,11.45,-1.69
ROST,2025-02-27,135.95,-2.9974,21.1,-0.09,-10.67,-6.17,-11.06
MRNA,2025-03-05,35.21,-1.4204,21.9,-0.57,-5.37,-21.27,-25.42
ILMN,2025-03-07,86.62,-10.2803,23.4,-1.18,1.2,-14.38,-18.45
AMD,2025-03-12,100.79,-4.6577,24.2,5.4,9.33,-3.92,-24.12
PYPL,2025-03-12,68.03,-3.6753,24.2,2.01,1.97,-6.81,-18.61
AVGO,2025-03-13,188.95,-9.0341,24.7,-0.13,-9.85,-9.69,-27.61
CDNS,2025-03-13,241.56,-14.4892,24.7,7.01,8.69,5.16,-8.28
FANG,2025-03-13,141.15,-4.9053,24.7,8.7,9.9,-15.53,-21.81
MU,2025-03-13,94.53,-1.1623,24.7,8.56,-3.92,-26.07,-35.05
AMAT,2025-03-14,154.09,-6.5783,21.8,-2.27,-6.81,-6.89,-20.51
HON,2025-03-14,191.98,-1.3169,21.8,0.31,0.42,-5.21,-14.37
NVDA,2025-03-14,121.5,-4.6635,21.8,-3.26,-9.86,-8.83,-28.81
SNPS,2025-03-14,446.23,-19.7248,21.8,0.53,-1.86,-5.61,-18.04
ASML,2025-03-17,722.41,-6.2985,20.5,-0.34,-9.27,-7.87,-20.79
BKR,2025-03-17,42.87,-0.6786,20.5,1.64,0.16,-13.83,-23.43
KLAC,2025-03-17,71.2,-0.913,20.5,1.31,-5.36,-6.73,-23.24
LRCX,2025-03-17,77.69,-0.9951,20.5,-0.41,-7.16,-13.34,-28.08
MSFT,2025-03-17,384.91,-8.0051,20.5,1.13,-3.42,-0.23,-11.3
QCOM,2025-03-17,153.77,-2.8423,20.5,1.35,-2.75,-11.88,-23.52
ZS,2025-03-17,202.65,-0.7278,20.5,3.56,-2.09,-1.58,-18.69
ADSK,2025-03-18,259.95,-10.8419,21.7,5.05,1.79,2.07,-10.49
ARM,2025-03-18,119.72,-8.738,21.7,3.81,-10.64,-13.3,-33.18
CDW,2025-03-18,166.95,-5.239,21.7,-1.31,-5.08,-11.67,-19.59
CRWD,2025-03-18,363.15,-13.766,21.7,6.0,-0.21,8.16,-17.94
DDOG,2025-03-18,102.93,-8.7099,21.7,7.43,-1.82,-10.08,-20.69
GFS,2025-03-18,38.62,-0.9472,21.7,0.85,-6.98,-13.7,-23.04
ON,2025-03-18,43.42,-2.6866,21.7,4.35,-7.42,-17.43,-28.51
PANW,2025-03-18,183.1,-2.4781,21.7,3.74,-6.44,-5.22,-21.27
SBUX,2025-03-28,94.55,-2.6229,21.6,-15.99,-12.59,-14.15,-22.08
AVGO,2025-04-09,183.37,-10.0676,33.6,-5.69,1.62,12.22,-14.93
CEG,2025-04-09,214.03,-13.9539,33.6,-5.23,1.22,25.59,-15.24
ISRG,2025-04-09,522.95,-14.0324,33.6,-7.96,-2.83,2.91,-15.31
TSLA,2025-04-09,272.2,-11.0048,33.6,-11.26,-4.66,4.64,-18.15
TTD,2025-04-09,54.12,-6.5102,33.6,-10.48,-1.57,10.68,-16.94
CRWD,2025-04-10,368.61,-6.086,40.7,1.9,15.27,11.38,-3.91
DXCM,2025-04-10,67.3,-3.958,40.7,1.89,6.48,25.81,-3.43
FTNT,2025-04-10,96.32,-2.33,40.7,-0.2,5.69,1.14,-5.27
GOOG,2025-04-10,154.74,-5.7422,40.7,-1.29,5.46,-0.64,-4.49
GOOGL,2025-04-10,152.2,-5.8324,40.7,-1.09,5.98,-0.05,-4.4
MDB,2025-04-10,161.1,-18.4845,40.7,-1.14,7.7,10.83,-7.59
MRVL,2025-04-10,52.67,-8.1272,40.7,-2.1,11.57,12.95,-8.94
MSFT,2025-04-10,377.63,-6.3317,40.7,-3.56,2.75,15.05,-6.73
NVDA,2025-04-10,107.42,-4.6538,40.7,-5.65,3.2,8.44,-11.65
ADSK,2025-04-11,258.45,-5.0618,37.6,-1.62,5.04,13.45,-3.09
AMAT,2025-04-11,143.48,-5.3101,37.6,-6.47,4.04,15.9,-8.38
ARM,2025-04-11,103.99,-8.1838,37.6,-6.89,7.78,20.02,-8.34
ASML,2025-04-11,661.56,-19.7026,37.6,-6.6,0.9,12.52,-8.19
CDNS,2025-04-11,259.47,-2.7181,37.6,-3.05,10.12,20.16,-4.54
KLAC,2025-04-11,66.43,-1.6922,37.6,-7.37,3.51,13.47,-9.33
TEAM,2025-04-11,198.37,-15.0187,37.6,-2.79,15.86,12.79,-3.99
ABNB,2025-04-14,113.22,-5.2379,30.9,1.49,10.84,21.93,-3.03
AMZN,2025-04-14,182.12,-6.7641,30.9,-4.91,2.89,16.06,-9.24
BKNG,2025-04-14,180.43,-2.3763,30.9,0.91,7.73,15.48,-4.08
DASH,2025-04-14,181.85,-3.2271,30.9,-2.88,5.16,8.77,-7.09
DDOG,2025-04-14,91.88,-5.9852,30.9,-0.5,11.35,27.68,-4.55
ILMN,2025-04-14,75.06,-5.1093,30.9,-0.95,2.72,6.98,-6.97
MAR,2025-04-14,220.96,-10.0392,30.9,-1.3,7.24,22.66,-4.9
MELI,2025-04-14,2037.12,-24.2621,30.9,4.48,11.96,23.46,-1.82
META,2025-04-14,529.34,-24.6876,30.9,-5.87,4.32,23.43,-9.72
NFLX,2025-04-14,93.13,-1.0612,30.9,11.71,20.87,22.24,-1.26
PANW,2025-04-14,169.98,-5.0054,30.9,-3.74,9.81,12.95,-7.28
PYPL,2025-04-14,61.74,-2.9053,30.9,-1.37,6.5,16.09,-4.52
SNPS,2025-04-14,421.98,-13.5579,30.9,-2.03,9.19,22.21,-6.15
WDAY,2025-04-14,232.34,-7.2756,30.9,-4.89,4.76,16.22,-9.29
ZS,2025-04-14,199.44,-1.9983,30.9,-1.46,12.24,22.84,-4.0
AAPL,2025-04-15,201.08,-8.1687,30.1,1.22,5.13,5.18,-6.1
ADP,2025-04-15,288.56,-1.4536,30.1,-1.52,0.85,3.81,-5.95
AMD,2025-04-15,95.29,-3.821,30.1,-5.14,2.16,23.54,-12.11
CDW,2025-04-15,147.47,-6.2393,30.1,2.67,6.45,25.55,-2.55
CTSH,2025-04-15,69.52,-2.8224,30.1,-0.32,3.24,12.77,-5.73
IDXX,2025-04-15,404.02,-9.6043,30.1,5.6,7.09,26.09,-1.3
INTU,2025-04-15,589.29,-3.7755,30.1,0.33,5.62,9.89,-5.89
LRCX,2025-04-15,67.89,-2.8479,30.1,-2.5,4.72,24.15,-10.67
MRNA,2025-04-15,26.24,-2.0966,30.1,1.14,8.77,-8.46,-11.2
ON,2025-04-15,35.85,-2.9775,30.1,2.15,10.74,26.08,-8.37
BKR,2025-04-17,38.01,-1.5351,29.6,-6.32,-4.65,-2.27,-11.18
FANG,2025-04-17,133.25,-6.427,29.6,-0.64,-0.6,3.25,-7.19
MCHP,2025-04-17,37.25,-4.0115,29.6,21.6,24.25,58.74,-2.98
ODFL,2025-04-17,152.49,-5.5069,29.6,-4.56,2.77,11.4,-5.76
BIIB,2025-04-21,116.49,-6.4848,33.8,2.26,4.56,11.12,-1.06
REGN,2025-04-21,557.61,-29.7426,33.8,8.79,7.5,6.24,-7.3
MU,2025-04-22,70.04,-6.3821,30.6,9.5,14.67,39.72,-3.95
ODFL,2025-04-22,150.82,-5.3539,30.6,-1.59,0.84,11.53,-4.71
PCAR,2025-04-22,86.08,-3.4328,30.6,1.95,0.47,9.34,-4.42
PDD,2025-04-22,98.34,-6.8656,30.6,5.91,13.2,19.36,-2.75
SBUX,2025-04-22,79.09,-4.9607,30.6,3.79,1.26,5.43,-7.65
AMD,2025-04-23,90.39,-4.2083,28.5,7.7,11.03,23.97,-0.3
AMZN,2025-04-23,180.6,-6.9177,28.5,2.12,4.49,11.36,-0.97
GFS,2025-04-23,33.06,-1.6149,28.5,5.92,6.58,14.01,-0.51
INTC,2025-04-23,20.59,-0.8151,28.5,-2.38,-1.36,0.49,-6.07
TSLA,2025-04-23,250.74,-9.1237,28.5,12.53,10.16,33.45,-2.52
TXN,2025-04-23,146.75,-8.481,28.5,6.09,9.23,22.91,-0.57
WBD,2025-04-23,8.33,-0.6333,28.5,4.08,2.76,7.44,-3.24
ADP,2025-04-24,285.16,-1.8389,26.5,1.41,4.26,9.2,-2.11
CSCO,2025-04-24,55.02,-1.2716,26.5,3.25,6.08,12.56,-2.01
META,2025-04-24,531.0,-25.0264,26.5,7.33,12.17,19.4,-2.94
MSFT,2025-04-24,383.53,-3.6502,26.5,9.84,13.13,17.66,-3.13
NVDA,2025-04-24,106.28,-3.4644,26.5,4.87,10.28,24.81,-3.12
CHTR,2025-04-25,373.65,-4.2173,24.8,3.04,7.52,8.75,-4.6
ADP,2025-04-28,284.21,-1.7189,25.1,3.54,5.39,10.95,-1.78
AMGN,2025-04-28,272.42,-6.4736,25.1,-1.07,-2.94,-0.41,-7.65
PAYX,2025-04-29,139.63,-0.9159,24.2,1.78,4.05,8.0,-3.06
BKR,2025-05-01,35.35,-1.529,24.6,0.8,4.91,3.02,-3.01
TMUS,2025-05-06,248.19,-2.7528,24.8,-6.49,-4.96,-4.31,-8.49
CPRT,2025-06-20,47.97,-2.6604,20.6,0.44,1.79,-4.04,-5.11
COST,2025-08-01,948.5,-13.2276,20.4,2.99,2.05,-0.97,-2.02
ABNB,2025-10-14,122.89,-1.4036,20.8,4.61,4.17,-0.29,-4.67
CPRT,2025-10-14,44.77,-0.7575,20.8,2.21,-1.56,-7.66,-11.59
TEAM,2025-10-14,156.37,-5.9963,20.8,7.89,4.85,0.75,-5.78
IDXX,2025-10-15,639.15,-0.7021,20.6,-0.84,-1.8,11.64,-2.67
SBUX,2025-10-16,82.71,-1.0818,25.3,1.3,-1.41,2.49,-7.53
ADI,2025-10-17,240.6,-1.5158,20.8,-2.0,-3.6,-3.29,-7.99
ISRG,2025-10-17,446.13,-4.5498,20.8,22.5,19.76,23.17,-2.59
MDLZ,2025-11-13,55.97,-1.3304,20.0,-2.14,1.05,-5.14,-6.74
DASH,2025-11-19,202.32,-15.4413,23.7,-3.13,9.33,14.15,-10.02
SNPS,2025-11-20,385.6,-21.1839,26.4,8.41,21.05,20.26,-2.31
INTU,2025-11-21,659.89,-4.6333,23.4,-4.75,-1.04,1.82,-6.53
LULU,2025-11-21,168.18,-1.9494,23.4,8.46,8.84,26.28,-2.8
TXN,2025-11-21,157.57,-4.0559,23.4,5.5,13.51,12.18,-3.76
ADI,2025-11-24,237.16,-1.5498,20.5,14.02,15.8,16.0,-4.22
CHTR,2025-11-24,199.08,-13.9612,20.5,-0.68,3.04,3.11,-2.54
META,2025-11-24,611.46,-29.936,20.5,5.55,7.16,8.55,-2.52
TTWO,2025-11-24,239.07,-4.3484,20.5,3.25,4.04,4.25,-1.75
GEHC,2026-02-05,82.27,-0.5896,21.8,-4.45,2.33,-9.77,-9.87
ARM,2026-02-06,123.7,-1.6638,20.4,1.28,0.06,-4.91,-10.06
PDD,2026-02-06,105.23,-3.1012,20.4,-4.7,0.5,-2.46,-6.2
CRWD,2026-02-13,429.64,-15.3384,20.6,-18.46,-10.42,-1.35,-20.23
GEHC,2026-02-17,81.57,-0.5703,20.3,2.99,-4.26,-11.36,-15.22
QCOM,2026-02-17,141.2,-6.9172,20.3,1.51,-3.16,-7.15,-9.02
MSFT,2026-02-19,397.6,-18.0211,20.2,0.82,3.07,-2.37,-4.2
TTWO,2026-02-19,201.37,-12.3341,20.2,5.92,5.54,0.19,-4.34
VRSK,2026-02-19,182.93,-10.3546,20.2,10.2,14.86,9.96,-2.63
EA,2026-02-23,200.1,-0.8478,21.0,0.38,-0.51,0.42,-1.64
CPRT,2026-03-02,38.31,-0.7445,21.4,-1.93,-11.56,-14.88,-15.95
CTSH,2026-03-02,63.06,-4.543,21.4,1.81,-3.86,-3.84,-7.34
ORLY,2026-03-02,95.03,-0.5966,21.4,-0.44,-4.81,-3.07,-8.69
PANW,2026-03-02,150.15,-8.4337,21.4,9.96,11.52,2.8,-4.43
CDW,2026-03-03,124.54,-2.3372,23.6,-5.29,-6.26,-3.4,-9.82
CRWD,2026-03-03,391.42,-18.3888,23.6,11.47,10.67,-0.26,-7.57
ZS,2026-03-03,154.67,-13.9936,23.6,1.25,0.86,-9.3,-17.24
AMD,2026-03-04,202.07,-6.6257,21.1,1.37,-1.29,4.03,-6.46
DDOG,2026-03-04,118.33,-4.0579,21.1,7.74,10.93,0.29,-6.19
TSLA,2026-03-05,405.55,-7.0835,23.8,-2.6,-6.23,-11.09,-13.17
AVGO,2026-03-06,329.27,-2.9115,29.5,-2.52,-6.04,-4.66,-12.08
GOOG,2026-03-10,306.75,-4.7508,24.9,0.81,-5.78,2.54,-11.53
GOOGL,2026-03-10,306.86,-4.5902,24.9,1.26,-5.41,3.35,-11.38
PDD,2026-03-10,104.86,-1.0013,24.9,-0.47,-6.46,-1.06,-9.05
TSLA,2026-03-10,399.24,-7.2137,24.9,0.01,-4.06,-14.02,-15.53
MDB,2026-03-16,266.95,-27.0237,23.5,2.36,-11.89,-12.49,-19.21
MELI,2026-03-16,1732.33,-81.6622,23.5,-3.82,-6.53,6.25,-8.03
LRCX,2026-03-18,224.55,-1.7803,25.1,3.89,-1.2,16.13,-11.62
ADP,2026-03-19,209.07,-4.8325,24.1,-2.92,-3.16,-4.84,-10.68
CDW,2026-03-19,118.94,-2.9235,24.1,1.28,1.97,11.96,-2.32
ILMN,2026-03-19,126.59,-1.957,24.1,-1.73,0.62,6.25,-7.78
LULU,2026-03-20,162.82,-5.3991,26.8,-10.42,-4.08,2.45,-11.58
AMZN,2026-03-23,210.14,-2.1387,26.1,-4.37,1.73,18.93,-5.23
MCHP,2026-03-23,64.02,-2.885,26.1,-6.65,4.93,25.78,-7.82
MDLZ,2026-03-23,56.37,-0.6965,26.1,2.44,2.02,-0.43,-1.65
ON,2026-03-23,59.89,-1.4402,26.1,-7.06,6.51,45.12,-8.11
PYPL,2026-03-23,45.34,-0.5561,26.1,-1.8,-1.36,11.85,-4.26
ASML,2026-03-24,1396.37,-7.0197,27.0,-5.62,1.55,3.16,-10.81
ADI,2026-03-25,321.15,-3.3647,25.3,-0.45,9.11,25.42,-6.67
AMZN,2026-03-25,211.71,-1.9121,25.3,-0.54,10.36,20.49,-5.94
BIIB,2026-03-25,189.18,-0.614,25.3,-2.85,-6.38,-0.69,-10.86
DXCM,2026-03-25,66.84,-1.181,25.3,-6.69,-1.74,-6.19,-9.38
GEHC,2026-03-25,72.16,-2.5701,25.3,-0.3,1.03,-3.15,-5.21
PAYX,2026-03-25,92.17,-1.3901,25.3,-2.62,-5.89,-2.58,-8.47
TXN,2026-03-25,195.78,-4.433,25.3,-0.24,9.25,43.43,-6.01
AAPL,2026-03-26,252.66,-3.5355,27.4,1.2,3.0,7.18,-2.92
ODFL,2026-03-26,187.69,-1.5121,27.4,5.36,10.87,17.05,-1.85
ORLY,2026-03-26,92.27,-1.2647,27.4,-0.92,0.8,0.93,-2.57
PCAR,2026-03-26,114.97,-2.2403,27.4,2.59,10.28,10.12,-2.86
CHTR,2026-03-27,219.14,-1.7722,31.0,0.38,3.27,-20.32,-21.53
AZN,2026-03-30,193.88,-2.2513,30.6,3.57,5.42,-3.71,-4.37
KHC,2026-03-30,21.94,-0.5179,30.6,3.76,-1.03,0.58,-2.64
AAPL,2026-03-31,253.56,-3.4011,25.2,2.01,4.98,6.45,-3.19
ADI,2026-03-31,317.27,-3.9049,25.2,8.82,9.37,22.37,-3.66
ADP,2026-03-31,201.65,-4.7761,25.2,-1.18,-3.08,5.85,-7.39
MAR,2026-03-31,326.43,-2.6104,25.2,6.58,11.21,8.22,-1.8
MDB,2026-03-31,244.77,-21.4076,25.2,2.27,-0.29,5.52,-11.88
ON,2026-03-31,61.92,-1.0477,25.2,10.43,16.97,59.66,-7.95
PEP,2026-03-31,153.67,-1.7314,25.2,-0.32,-0.28,0.0,-2.28
AMZN,2026-04-01,210.57,-2.2437,24.5,10.96,18.58,25.88,-2.69
DASH,2026-04-02,156.45,-7.3974,23.9,-2.47,17.54,12.39,-6.37
GILD,2026-04-02,138.8,-1.5902,23.9,-0.52,-1.48,-5.77,-8.64
HON,2026-04-02,228.13,-2.2377,23.9,2.44,1.79,-7.39,-9.42
LULU,2026-04-02,155.72,-5.8928,23.9,5.23,7.42,-14.22,-14.24
NVDA,2026-04-02,177.18,-2.8994,23.9,6.34,13.69,11.87,-3.39
TTWO,2026-04-02,199.87,-4.256,23.9,-1.4,6.09,8.09,-3.04
AVGO,2026-04-06,313.93,-4.9406,24.2,20.77,27.1,32.46,-1.32
BKNG,2026-04-06,175.75,-1.7212,24.2,0.6,8.99,-6.02,-6.79
GOOG,2026-04-06,297.48,-5.358,24.2,7.24,12.68,27.54,-1.3
GOOGL,2026-04-06,299.81,-4.9758,24.2,7.11,12.48,27.75,-1.6
MSFT,2026-04-06,372.07,-10.7015,24.2,3.08,12.12,10.93,-1.69
PANW,2026-04-06,161.95,-0.975,24.2,0.35,4.7,13.96,-6.59
TTD,2026-04-06,22.21,-1.4314,24.2,-4.46,8.28,8.51,-11.12
ZS,2026-04-06,139.52,-7.8604,24.2,-12.11,-3.38,1.92,-17.84
CDNS,2026-04-07,279.48,-4.8417,25.8,4.61,16.59,26.53,-5.76
CRWD,2026-04-07,423.23,-4.6257,25.8,-5.85,6.23,12.59,-13.88
SBUX,2026-04-07,94.66,-1.1544,25.8,3.42,2.72,10.22,-1.44
ADSK,2026-04-08,240.65,-2.8798,21.0,-0.55,2.88,1.01,-11.03
ASML,2026-04-08,1417.95,-11.0759,21.0,4.27,1.59,8.94,-3.75
CTAS,2026-04-08,174.12,-6.1132,21.0,1.07,0.04,-3.0,-5.23
DXCM,2026-04-08,65.8,-1.5926,21.0,-6.47,-3.63,-8.27,-13.8
ISRG,2026-04-08,462.28,-10.4017,21.0,1.32,4.62,-2.28,-4.39
KDP,2026-04-08,25.66,-0.6366,21.0,0.62,2.71,10.53,-1.08
MU,2026-04-08,406.73,-7.936,21.0,12.17,19.85,63.89,-2.04
SNPS,2026-04-08,410.16,-9.9432,21.0,6.9,16.36,22.98,-5.39
PEP,2026-06-10,144.32,-2.5237,22.2,-1.89,-3.33,0.0,-3.43
