date,ticker,entry_date,entry_price,exit_price,exit_reason,r_multiple,pnl,shares,days_held
2026-07-08,CFG,2026-07-01,71.82,68.88,SL,-1.0,-8.82,3,5
2026-07-13,BBY,2026-07-01,77.23,83.35,TP1,1.2,6.12,1,8
2026-07-17,ANET,2026-07-08,181.05,159.55,SL,-1.0,-21.5,1,11
2026-08-04,PFG,2026-07-01,108.93,115.11,TP1,1.2,6.18,1,28
2026-08-05,CVS,2026-07-01,104.81,99.83,SL,-1.0,-4.98,1,29
2026-08-06,TECH,2026-07-01,71.0,71.9,EXPIRED,0.17,0.88,1,30
2026-08-06,SCHW,2026-07-20,102.54,108.56,TP1,1.2,6.01,1,13
2026-08-06,MET,2026-07-24,94.83,99.1,TP1,1.2,8.53,2,9
2026-08-17,AMCR,2026-08-11,47.4,44.9,SL,-1.0,-25.01,10,4
2026-08-19,APA,2026-08-10,41.02,44.96,TP1,1.2,31.51,8,7
2026-08-20,NDSN,2026-08-17,309.83,323.25,TP1,1.2,26.84,2,3
2026-08-20,MRNA,2026-08-19,174.38,151.13,SL,-1.0,-23.25,1,1
2026-08-24,FCX,2026-08-20,71.22,77.59,TP1,1.2,31.87,5,2
2026-08-27,NWS,2026-08-05,33.13,35.47,TP1,1.2,32.78,14,18
2026-09-06,ETSY,2026-08-24,87.03,79.49,SL,-1.0,-22.62,3,10
2026-09-07,AWK,2026-08-04,134.01,140.7,EXPIRED,0.86,20.02,3,30
2026-09-08,TECH,2026-08-07,72.29,72.43,EXPIRED,0.23,6.36,46,30
2026-09-09,NWSA,2026-08-27,31.19,29.96,SL,-1.0,-28.29,23,18
2026-09-10,MRNA,2026-08-20,133.32,135.61,EXPIRED,0.08,2.33,1,30
2026-09-12,EL,2026-09-04,103.86,97.12,EXPIRED,-0.8,-20.21,3,30
2026-09-14,MU,2026-09-04,1016.59,975.26,EXPIRED,-0.44,-41.08,1,30
2026-09-16,HPE,2026-09-08,56.03,55.88,EXPIRED,-0.02,-0.49,4,30
2026-09-16,QRVO,2026-09-15,118.06,108.53,SL,-1.0,-19.05,2,1
2026-09-16,SWKS,2026-09-15,90.0,79.87,SL,-1.0,-20.27,2,1
2026-09-16,QRVO,2026-09-15,118.06,108.53,SL,-1.0,-19.05,2,1
2026-09-16,SWKS,2026-09-15,90.0,79.87,SL,-1.0,-20.27,2,1
2026-09-17,QRVO,2026-09-15,118.06,108.53,SL,-1.0,-19.05,2,1
2026-09-17,VLO,2026-09-09,388.95,403.28,EXPIRED,0.68,14.38,1,30
2026-09-22,AIZ,2026-09-15,286.11,276.97,SL,-1.0,-27.42,3,24
2026-09-23,TMO,2026-09-15,641.39,658.52,EXPIRED,0.57,17.15,1,30
2026-09-24,SWKS,2026-09-15,90.0,89.57,EXPIRED,-0.04,-0.81,2,30
2026-09-26,MKTX,2026-09-18,163.42,164.19,EXPIRED,1.07,26.09,34,30
2026-09-30,VTRS,2026-09-24,17.42,18.38,TP1,1.2,26.88,28,18
2026-09-30,AMD,2026-09-22,623.77,607.57,EXPIRED,-0.32,-16.33,1,30
2026-09-30,WBD,2026-09-22,30.83,30.85,EXPIRED,0.02,0.43,21,30
2026-10-02,BIO,2026-09-24,387.54,368.34,SL,-1.0,-19.2,1,28
